,lmp
2009-10-01,31.8595459028
2009-10-02,25.4548042014
2009-10-03,24.8821354514
2009-10-04,33.7889235417
2009-10-05,24.2381952778
2009-10-06,31.6629853125
2009-10-07,30.1831974653
2009-10-08,32.0219290972
2009-10-09,37.7783472222
2009-10-10,37.2146847222
2009-10-11,40.1865722569
2009-10-12,71.3174804861
2009-10-13,56.7157059722
2009-10-14,64.3937590625
2009-10-15,56.9382692708
2009-10-16,54.0611549306
2009-10-17,68.3408301389
2009-10-18,39.5816039583
2009-10-19,44.0972540972
2009-10-20,51.6508423264
2009-10-21,43.8584245139
2009-10-22,47.5650645139
2009-10-23,49.8532335764
2009-10-24,38.8866415331
2009-10-25,85.1992744444
2009-10-26,46.9486214236
2009-10-27,43.578845
2009-10-28,53.6748236458
2009-10-29,70.8920444792
2009-10-30,55.5967076042
2009-10-31,32.4484802083
2009-11-01,32.7591877667
2009-11-02,44.5516947569
2009-11-03,54.9541230556
2009-11-04,47.3994270139
2009-11-05,45.7868238889
2009-11-06,41.9589255903
2009-11-07,32.2878878472
2009-11-08,38.5401746181
2009-11-09,52.1935497222
2009-11-10,38.3561342014
2009-11-11,33.9999494097
2009-11-12,39.173140625
2009-11-13,26.749205
2009-11-14,32.1624365972
2009-11-15,25.4191334375
2009-11-16,26.1348757292
2009-11-17,30.7323829514
2009-11-18,31.2485766667
2009-11-19,35.9448488889
2009-11-20,30.0002958333
2009-11-21,14.8909067361
2009-11-22,22.2032914583
2009-11-23,39.7983792361
2009-11-24,49.0760379861
2009-11-25,86.769210625
2009-11-26,27.8094385417
2009-11-27,23.7268966667
2009-11-28,30.3317738889
2009-11-29,32.6156998611
2009-11-30,34.5363027083
2009-12-01,44.6444703819
2009-12-02,42.2877117014
2009-12-03,45.6119604167
2009-12-04,46.3832082639
2009-12-05,42.6828705208
2009-12-06,39.8954428472
2009-12-07,100.117055278
2009-12-08,85.4613581597
2009-12-09,56.2912429167
2009-12-10,51.7982052431
2009-12-11,51.1423731597
2009-12-12,50.6877019792
2009-12-13,38.8317398958
2009-12-14,41.6395735069
2009-12-15,46.6213201042
2009-12-16,50.1099098958
2009-12-17,46.5360929861
2009-12-18,48.5133226736
2009-12-19,45.9726209375
2009-12-20,41.3651414236
2009-12-21,38.2929414583
2009-12-22,40.2276582639
2009-12-23,46.7890365625
2009-12-24,39.2392113889
2009-12-25,40.8657036806
2009-12-26,44.1188447222
2009-12-27,37.4851929167
2009-12-28,39.0831204861
2009-12-29,46.1507577083
2009-12-30,43.6604937847
2009-12-31,43.1627216319
2010-01-01,42.9855529861
2010-01-02,39.7785442361
2010-01-03,58.4350940625
2010-01-04,49.080665625
2010-01-05,45.8945693403
2010-01-06,44.5003295833
2010-01-07,52.9268351042
2010-01-08,51.6424951042
2010-01-09,51.5519273958
2010-01-10,47.7416069792
2010-01-11,56.9799550694
2010-01-12,62.4441366319
2010-01-13,28.9252221875
2010-01-14,38.6137603125
2010-01-15,45.1143204167
2010-01-16,46.6834348611
2010-01-17,56.1880979167
2010-01-18,64.7367689236
2010-01-19,63.2495975694
2010-01-20,56.9892302083
2010-01-21,54.5884974306
2010-01-22,53.0062978125
2010-01-23,42.9999818056
2010-01-24,47.6732305556
2010-01-25,50.8213658681
2010-01-26,46.254344375
2010-01-27,47.4416459722
2010-01-28,41.0589788194
2010-01-29,44.2844492014
2010-01-30,39.0426858681
2010-01-31,38.0341482639
2010-02-01,41.1625199306
2010-02-02,42.3923730208
2010-02-03,40.6429388889
2010-02-04,39.4573470486
2010-02-05,44.0948391319
2010-02-06,43.2318085764
2010-02-07,40.4351018056
2010-02-08,45.6525148611
2010-02-09,55.0762833681
2010-02-10,43.3916179861
2010-02-11,44.0250119444
2010-02-12,39.0048867361
2010-02-13,40.8291740278
2010-02-14,39.0334412153
2010-02-15,36.8337943056
2010-02-16,38.5810614931
2010-02-17,39.6487693403
2010-02-18,36.8729633681
2010-02-19,37.1981154514
2010-02-20,36.3409840625
2010-02-21,40.7031598611
2010-02-22,45.9018046875
2010-02-23,53.3136629167
2010-02-24,35.9583670486
2010-02-25,30.4157811458
2010-02-26,32.6125721875
2010-02-27,38.1508321875
2010-02-28,33.1807443403
2010-03-01,33.8500188542
2010-03-02,36.4232820833
2010-03-03,36.0498500694
2010-03-04,36.5460133333
2010-03-05,40.3423366667
2010-03-06,41.4393369444
2010-03-07,39.8540701389
2010-03-08,41.6562530903
2010-03-09,58.7573594792
2010-03-10,47.2069998611
2010-03-11,42.8048556597
2010-03-12,39.8366602083
2010-03-13,38.1362767014
2010-03-14,40.0899505072
2010-03-15,42.5085510417
2010-03-16,43.0286061806
2010-03-17,38.5612585764
2010-03-18,31.1785161111
2010-03-19,37.3594596181
2010-03-20,45.4864577083
2010-03-21,28.1639728472
2010-03-22,30.8863369792
2010-03-23,35.7740555556
2010-03-24,32.1260694444
2010-03-25,28.2372417708
2010-03-26,32.1962259375
2010-03-27,30.7758993056
2010-03-28,32.4634147917
2010-03-29,44.3950257986
2010-03-30,32.7796724653
2010-03-31,32.3290782639
2010-04-01,30.4536813194
2010-04-02,28.8907205556
2010-04-03,34.2937579167
2010-04-04,33.5615373958
2010-04-05,32.9842842361
2010-04-06,38.1135590972
2010-04-07,44.0056355903
2010-04-08,34.71770625
2010-04-09,28.6031381597
2010-04-10,48.0130581597
2010-04-11,39.0325351389
2010-04-12,45.8199342014
2010-04-13,36.0327518403
2010-04-14,35.7803496875
2010-04-15,44.2663799306
2010-04-16,23.6939025694
2010-04-17,42.9959709028
2010-04-18,32.5194980903
2010-04-19,29.5740053819
2010-04-20,60.5618422569
2010-04-21,35.7262379167
2010-04-22,26.0545786111
2010-04-23,27.0321180556
2010-04-24,16.6725782986
2010-04-25,39.6151180208
2010-04-26,32.6781140278
2010-04-27,28.8057506597
2010-04-28,26.4038824306
2010-04-29,22.2478704167
2010-04-30,22.6003948958
2010-05-01,16.2349563542
2010-05-02,29.4834739236
2010-05-03,25.4817759375
2010-05-04,34.1715122222
2010-05-05,30.5172861806
2010-05-06,30.0102677083
2010-05-07,82.4999626736
2010-05-08,33.0361990278
2010-05-09,28.8063351736
2010-05-10,29.6229755208
2010-05-11,22.304033125
2010-05-12,26.2805276042
2010-05-13,36.4879414236
2010-05-14,38.471424375
2010-05-15,41.6295267708
2010-05-16,23.6069498611
2010-05-17,44.4207774306
2010-05-18,35.3491525347
2010-05-19,32.3893852778
2010-05-20,26.1615762153
2010-05-21,71.4321537153
2010-05-22,34.7533861111
2010-05-23,13.9503436458
2010-05-24,28.4970350347
2010-05-25,56.1318112153
2010-05-26,33.4163532639
2010-05-27,58.8008587847
2010-05-28,20.0104295486
2010-05-29,21.1012277431
2010-05-30,23.2454840972
2010-05-31,20.2373562153
2010-06-01,19.3665942708
2010-06-02,30.4208870486
2010-06-03,53.4166897569
2010-06-04,64.2375738889
2010-06-05,52.3754702431
2010-06-06,16.9047977083
2010-06-07,16.0089040625
2010-06-08,25.6988375
2010-06-09,31.1858806944
2010-06-10,63.6500889931
2010-06-11,82.5570184722
2010-06-12,59.3556322222
2010-06-13,55.3473790278
2010-06-14,34.8412812153
2010-06-15,26.4568539583
2010-06-16,47.4419783333
2010-06-17,57.3708671181
2010-06-18,40.7507632986
2010-06-19,51.6372830903
2010-06-20,55.0749230208
2010-06-21,40.5227764583
2010-06-22,38.7672937153
2010-06-23,36.4926944097
2010-06-24,24.8426752778
2010-06-25,28.9577282292
2010-06-26,21.579310625
2010-06-27,35.2620753472
2010-06-28,29.6927107986
2010-06-29,18.728175
2010-06-30,21.9436753472
2010-07-01,20.7738135069
2010-07-02,27.7354470139
2010-07-03,26.6901567014
2010-07-04,22.8742639931
2010-07-05,47.9217147917
2010-07-06,18.4294445139
2010-07-07,26.3477155556
2010-07-08,25.2961661111
2010-07-09,24.0483378125
2010-07-10,31.8348573264
2010-07-11,21.6129089931
2010-07-12,22.1449044444
2010-07-13,38.9665401736
2010-07-14,49.6218500694
2010-07-15,50.2923910764
2010-07-16,28.5658198264
2010-07-17,27.4270684028
2010-07-18,30.2237442014
2010-07-19,34.5993662847
2010-07-20,28.9994815278
2010-07-21,29.6817448611
2010-07-22,31.4870094097
2010-07-23,42.7577523264
2010-07-24,39.9419945139
2010-07-25,33.576156875
2010-07-26,34.4557126389
2010-07-27,27.9034869097
2010-07-28,33.9086427431
2010-07-29,30.3235387153
2010-07-30,25.9748192708
2010-07-31,27.8498062153
2010-08-01,28.7975969444
2010-08-02,36.2987774306
2010-08-03,56.6566954167
2010-08-04,39.2367374653
2010-08-05,33.3457373264
2010-08-06,29.0595332639
2010-08-07,31.9028010417
2010-08-08,28.5622875694
2010-08-09,32.0885216319
2010-08-10,34.8701559375
2010-08-11,25.7598085069
2010-08-12,26.5071010417
2010-08-13,39.9355948264
2010-08-14,24.6336104514
2010-08-15,28.4144665625
2010-08-16,30.81915125
2010-08-17,34.0103052778
2010-08-18,36.9665725347
2010-08-19,33.0818388542
2010-08-20,27.5012759028
2010-08-21,25.4231387153
2010-08-22,24.0515406597
2010-08-23,32.1775939931
2010-08-24,35.4083045833
2010-08-25,41.3552392014
2010-08-26,32.7015897222
2010-08-27,23.3708001736
2010-08-28,16.804254375
2010-08-29,24.5057614931
2010-08-30,27.0360227431
2010-08-31,32.0197100347
2010-09-01,33.5593523264
2010-09-02,55.1065603472
2010-09-03,45.0038013194
2010-09-04,28.68632375
2010-09-05,27.1703971875
2010-09-06,34.2157677431
2010-09-07,46.9004682292
2010-09-08,27.7474695139
2010-09-09,27.1313514931
2010-09-10,27.2307752778
2010-09-11,36.4496090278
2010-09-12,32.7279580903
2010-09-13,45.9887002431
2010-09-14,28.3474580556
2010-09-15,28.2137560764
2010-09-16,31.1377610764
2010-09-17,28.9288144792
2010-09-18,29.6266563889
2010-09-19,34.3178651736
2010-09-20,28.0213773264
2010-09-21,24.4587595833
2010-09-22,30.3842773264
2010-09-23,32.5319163542
2010-09-24,35.5596594792
2010-09-25,56.4759043403
2010-09-26,26.7473221181
2010-09-27,64.6684324653
2010-09-28,38.2139858333
2010-09-29,60.5535564931
2010-09-30,35.3856679514
2010-10-01,36.1252200347
2010-10-02,74.4937819444
2010-10-03,33.1772946875
2010-10-04,30.2364886806
2010-10-05,32.7595788194
2010-10-06,39.1730235417
2010-10-07,44.5809921528
2010-10-08,30.8567595833
2010-10-09,28.4353070833
2010-10-10,34.5983792014
2010-10-11,35.5298241667
2010-10-12,31.2729027431
2010-10-13,33.5960571528
2010-10-14,35.56852
2010-10-15,30.1670381597
2010-10-16,47.1936850694
2010-10-17,26.4557848611
2010-10-18,34.3200996528
2010-10-19,58.2692585764
2010-10-20,40.6689836111
2010-10-21,35.2383482639
2010-10-22,26.850889375
2010-10-23,50.2875415972
2010-10-24,116.986917257
2010-10-25,57.8081257639
2010-10-26,45.9867635417
2010-10-27,55.2138938889
2010-10-28,47.6941297917
2010-10-29,32.5369617361
2010-10-30,26.8914501389
2010-10-31,25.5671417014
2010-11-01,41.6695773264
2010-11-02,36.9084814583
2010-11-03,41.2161947569
2010-11-04,40.4972245833
2010-11-05,29.7307966319
2010-11-06,27.7618558333
2010-11-07,36.4578798
2010-11-08,29.9338143403
2010-11-09,34.9753305903
2010-11-10,47.1025001736
2010-11-11,49.9762953819
2010-11-12,32.9034975
2010-11-13,28.8324319097
2010-11-14,32.19867875
2010-11-15,46.4289973264
2010-11-16,26.9759387847
2010-11-17,30.0969506597
2010-11-18,34.1081175347
2010-11-19,34.2331003819
2010-11-20,29.2736017361
2010-11-21,23.49543875
2010-11-22,26.0602452083
2010-11-23,30.8505889931
2010-11-24,33.9125932292
2010-11-25,42.4967251736
2010-11-26,35.7843657639
2010-11-27,76.9655876389
2010-11-28,47.9159725694
2010-11-29,149.28706875
2010-11-30,39.9152000694
2010-12-01,36.1102506597
2010-12-02,34.59094625
2010-12-03,32.0046255556
2010-12-04,39.2344991667
2010-12-05,47.4070921875
2010-12-06,34.0491298611
2010-12-07,42.7533156597
2010-12-08,43.3686925694
2010-12-09,26.1442368056
2010-12-10,29.5985307986
2010-12-11,31.2696960069
2010-12-12,31.5321185069
2010-12-13,36.9608074306
2010-12-14,30.542949375
2010-12-15,25.2940417708
2010-12-16,52.514731875
2010-12-17,30.5672929167
2010-12-18,24.0065639236
2010-12-19,30.4898748264
2010-12-20,27.4567275694
2010-12-21,40.5834503125
2010-12-22,36.4336443056
2010-12-23,21.9500420486
2010-12-24,20.9582057292
2010-12-25,46.2023428819
2010-12-26,66.4811952083
2010-12-27,26.3915942361
2010-12-28,25.1106389583
2010-12-29,32.2732439931
2010-12-30,60.7092414236
2010-12-31,37.832115625
2011-01-01,55.9372633681
2011-01-02,72.6033861111
2011-01-03,45.8007263194
2011-01-04,59.2877929167
2011-01-05,30.8521161806
2011-01-06,33.0020692361
2011-01-07,38.7496011806
2011-01-08,44.785038125
2011-01-09,33.9381831944
2011-01-10,64.9720234028
2011-01-11,35.3871022917
2011-01-12,41.4075397569
2011-01-13,29.6001729514
2011-01-14,30.4527862153
2011-01-15,29.0827895486
2011-01-16,41.9230828125
2011-01-17,47.2850111458
2011-01-18,31.5125113194
2011-01-19,22.9616413889
2011-01-20,56.6037392708
2011-01-21,31.5566142361
2011-01-22,18.5641860764
2011-01-23,27.1205454861
2011-01-24,52.2499584028
2011-01-25,35.8641692361
2011-01-26,28.7911734375
2011-01-27,53.3362411806
2011-01-28,25.1484192014
2011-01-29,37.2182178125
2011-01-30,55.1595213194
2011-01-31,47.9682758681
2011-02-01,79.3656673958
2011-02-02,49.7903680208
2011-02-03,84.1363164583
2011-02-04,35.1309765625
2011-02-05,19.6204677083
2011-02-06,21.7693618056
2011-02-07,12.6750667708
2011-02-08,21.3482740625
2011-02-09,32.4098588889
2011-02-10,32.1366839583
2011-02-11,42.5848808333
2011-02-12,44.9701686111
2011-02-13,54.7876845486
2011-02-14,13.0636396528
2011-02-15,26.9518593403
2011-02-16,30.1125872917
2011-02-17,32.326225
2011-02-18,66.2757878819
2011-02-19,38.4128701042
2011-02-20,13.7116144097
2011-02-21,31.0432777431
2011-02-22,18.8795904514
2011-02-23,21.3270762847
2011-02-24,23.445434375
2011-02-25,35.9868270833
2011-02-26,40.3467121528
2011-02-27,20.7681222917
2011-02-28,31.7655805208
2011-03-01,35.4730229167
2011-03-02,22.0828431944
2011-03-03,21.9800418056
2011-03-04,30.3640850347
2011-03-05,24.5747884722
2011-03-06,19.8042462847
2011-03-07,29.7085313194
2011-03-08,34.5698021181
2011-03-09,24.2740476389
2011-03-10,22.3313948264
2011-03-11,14.2338588889
2011-03-12,16.3257882986
2011-03-13,46.5014477899
2011-03-14,44.4124305556
2011-03-15,22.6988676736
2011-03-16,26.8026032639
2011-03-17,40.9254173958
2011-03-18,21.7566975347
2011-03-19,25.8956285069
2011-03-20,26.9065919097
2011-03-21,19.9475935764
2011-03-22,19.2421016667
2011-03-23,28.7338858681
2011-03-24,18.0574631944
2011-03-25,17.5543428125
2011-03-26,21.9856387153
2011-03-27,19.7781514583
2011-03-28,32.4897028125
2011-03-29,22.2300978819
2011-03-30,12.0678803125
2011-03-31,38.3772860069
2011-04-01,37.781585625
2011-04-02,9.30775326389
2011-04-03,11.9781486458
2011-04-04,43.6551705208
2011-04-05,12.3607986458
2011-04-06,33.6804536458
2011-04-07,48.0552299306
2011-04-08,44.3636904861
2011-04-09,13.6891202083
2011-04-10,31.2105837153
2011-04-11,28.3414967014
2011-04-12,14.0579653472
2011-04-13,20.2082173611
2011-04-14,16.5737258681
2011-04-15,31.9184178125
2011-04-16,24.0864452778
2011-04-17,15.1356400347
2011-04-18,50.3628332639
2011-04-19,30.0721300694
2011-04-20,36.8766327431
2011-04-21,23.4310167014
2011-04-22,8.00320888889
2011-04-23,16.3324145486
2011-04-24,0.889743923611
2011-04-25,25.8266688542
2011-04-26,18.7090438889
2011-04-27,13.9196788542
2011-04-28,10.9039428819
2011-04-29,17.1764455208
2011-04-30,22.0445313542
2011-05-01,28.5904196528
2011-05-02,33.5003869097
2011-05-03,23.7441778819
2011-05-04,38.8432396528
2011-05-05,23.8157569097
2011-05-06,19.4174081597
2011-05-07,39.6952769792
2011-05-08,21.806585
2011-05-09,29.6140669792
2011-05-10,11.0074248611
2011-05-11,18.2360589931
2011-05-12,28.2055639236
2011-05-13,18.8669043056
2011-05-14,19.0670884028
2011-05-15,13.0707418056
2011-05-16,11.0454022222
2011-05-17,26.139888125
2011-05-18,10.3587069444
2011-05-19,8.64588774306
2011-05-20,24.1935648264
2011-05-21,2.83588138889
2011-05-22,8.89332263889
2011-05-23,7.37794954861
2011-05-24,19.0285642361
2011-05-25,19.7201232292
2011-05-26,13.3648038542
2011-05-27,21.0461344097
2011-05-28,79.7601808333
2011-05-29,-1.42680555556
2011-05-30,4.84286430556
2011-05-31,70.0618898264
2011-06-01,28.3448295833
2011-06-02,6.31327986111
2011-06-03,56.100675625
2011-06-04,14.3000506944
2011-06-05,39.7624194444
2011-06-06,25.1602915625
2011-06-07,14.5678954861
2011-06-08,8.15850986111
2011-06-09,12.2194199653
2011-06-10,5.55848413194
2011-06-11,3.78712208333
2011-06-12,10.6320813889
2011-06-13,17.2050134722
2011-06-14,28.1321948264
2011-06-15,17.5720832986
2011-06-16,21.3041444097
2011-06-17,15.5999561458
2011-06-18,23.4218848611
2011-06-19,23.1051739931
2011-06-20,53.6496715972
2011-06-21,40.5693262847
2011-06-22,27.5106160417
2011-06-23,14.8386951736
2011-06-24,31.6566320833
2011-06-25,33.5937728125
2011-06-26,28.4292944792
2011-06-27,32.2157315625
2011-06-28,29.4290546181
2011-06-29,32.3894404514
2011-06-30,27.2695463542
2011-07-01,34.1946446181
2011-07-02,29.0052088542
2011-07-03,64.6727739583
2011-07-04,46.2161640625
2011-07-05,61.2870527083
2011-07-06,63.2236648264
2011-07-07,24.1769297569
2011-07-08,19.4208851736
2011-07-09,13.5061615972
2011-07-10,7.37878461806
2011-07-11,9.75351506944
2011-07-12,7.76966357639
2011-07-13,17.0583879861
2011-07-14,2.01348086806
2011-07-15,35.1582075694
2011-07-16,14.3004734722
2011-07-17,16.2084007292
2011-07-18,19.7739373264
2011-07-19,33.5569865625
2011-07-20,31.0444464583
2011-07-21,28.3982330903
2011-07-22,51.2514971875
2011-07-23,46.9731004514
2011-07-24,64.7657034375
2011-07-25,25.3749549306
2011-07-26,22.6163148611
2011-07-27,33.8901223958
2011-07-28,27.9211465972
2011-07-29,19.6306434028
2011-07-30,14.5880748264
2011-07-31,11.3597832986
2011-08-01,29.1565970486
2011-08-02,31.5418994444
2011-08-03,24.6269539583
2011-08-04,22.2745195139
2011-08-05,26.16896625
2011-08-06,27.2267648264
2011-08-07,28.3779383681
2011-08-08,26.6455615625
2011-08-09,25.6596909028
2011-08-10,31.8054964236
2011-08-11,32.0034751736
2011-08-12,34.3275485764
2011-08-13,46.5772059375
2011-08-14,32.9063365972
2011-08-15,25.1578654861
2011-08-16,32.91333625
2011-08-17,32.1232593403
2011-08-18,29.3258003125
2011-08-19,24.0582531944
2011-08-20,26.6063428472
2011-08-21,32.729195
2011-08-22,29.59032875
2011-08-23,70.3614452083
2011-08-24,33.485466875
2011-08-25,38.8552315972
2011-08-26,35.8928560764
2011-08-27,29.0571956944
2011-08-28,27.5540915972
2011-08-29,25.5247321528
2011-08-30,25.6170685764
2011-08-31,28.6274770833
2011-09-01,42.1223764583
2011-09-02,66.2045423264
2011-09-03,38.6656668056
2011-09-04,16.7975194444
2011-09-05,37.444343125
2011-09-06,55.2084952431
2011-09-07,46.7151830903
2011-09-08,72.8953934375
2011-09-09,37.9172268403
2011-09-10,33.4193215625
2011-09-11,34.0412332292
2011-09-12,35.1699305208
2011-09-13,44.7573930208
2011-09-14,29.3517312847
2011-09-15,24.8427711806
2011-09-16,28.9520285417
2011-09-17,40.1172560417
2011-09-18,43.6444248264
2011-09-19,54.855023125
2011-09-20,29.9075546875
2011-09-21,30.1934783333
2011-09-22,27.4887399653
2011-09-23,34.9398602778
2011-09-24,23.7982513194
2011-09-25,49.2691
2011-09-26,33.7815209722
2011-09-27,45.9894417708
2011-09-28,91.3406959028
2011-09-29,37.0730112847
2011-09-30,25.6280972222
2011-10-01,32.1724515972
2011-10-02,30.6307790278
2011-10-03,24.1006343056
2011-10-04,29.1341057292
2011-10-05,20.7879298611
2011-10-06,16.2244292014
2011-10-07,40.5496196181
2011-10-08,24.4679828125
2011-10-09,27.6207661458
2011-10-10,24.9896020486
2011-10-11,25.6271709028
2011-10-12,38.3659906944
2011-10-13,28.0784399306
2011-10-14,29.9552190972
2011-10-15,28.4217322222
2011-10-16,26.2699129514
2011-10-17,33.1399894792
2011-10-18,34.3145413542
2011-10-19,18.9578788542
2011-10-20,29.0458615625
2011-10-21,39.6303654861
2011-10-22,65.3613575694
2011-10-23,50.4576478819
2011-10-24,23.7435712153
2011-10-25,22.3412211806
2011-10-26,38.0682300347
2011-10-27,32.6357836806
2011-10-28,34.4907288889
2011-10-29,30.4354320139
2011-10-30,51.2182059375
2011-10-31,49.6175798264
2011-11-01,65.1321718403
2011-11-02,83.7819158333
2011-11-03,27.8739274306
2011-11-04,23.2230940278
2011-11-05,29.2670935417
2011-11-06,37.6263096333
2011-11-07,37.9431307986
2011-11-08,35.5654052083
2011-11-09,27.2825923264
2011-11-10,24.9987271528
2011-11-11,28.8730804514
2011-11-12,26.7869227083
2011-11-13,46.05131375
2011-11-14,17.6183866667
2011-11-15,25.0281907639
2011-11-16,33.8876607639
2011-11-17,24.9411260764
2011-11-18,29.7144537153
2011-11-19,23.703188125
2011-11-20,41.891828125
2011-11-21,31.7159445139
2011-11-22,29.618664375
2011-11-23,25.9645242014
2011-11-24,26.6673247222
2011-11-25,22.3946645833
2011-11-26,25.2012033333
2011-11-27,26.5801972222
2011-11-28,42.3007682986
2011-11-29,32.3907434028
2011-11-30,20.1970108681
2011-12-01,19.3214413194
2011-12-02,25.1961343403
2011-12-03,24.3895871875
2011-12-04,28.3640571875
2011-12-05,38.1010410764
2011-12-06,29.1470913194
2011-12-07,29.0757709722
2011-12-08,29.1469673264
2011-12-09,29.8532872222
2011-12-10,28.3950021875
2011-12-11,29.4449659722
2011-12-12,32.26692625
2011-12-13,27.4428137153
2011-12-14,26.4209830903
2011-12-15,25.1118140972
2011-12-16,26.9697408333
2011-12-17,25.4069046875
2011-12-18,17.8115714236
2011-12-19,20.7533755208
2011-12-20,26.7639127431
2011-12-21,25.8674211111
2011-12-22,24.8258728472
2011-12-23,26.0187893403
2011-12-24,25.7010629861
2011-12-25,21.7730009028
2011-12-26,24.9871426736
2011-12-27,23.2163513542
2011-12-28,24.9367041667
2011-12-29,24.6606509375
2011-12-30,21.7302865278
2011-12-31,17.2277012847
2012-01-01,23.9818221875
2012-01-02,26.5153795486
2012-01-03,24.1766813889
2012-01-04,26.3426945833
2012-01-05,22.4355960764
2012-01-06,24.2875707292
2012-01-07,25.0622489931
2012-01-08,25.6389281944
2012-01-09,30.0065910417
2012-01-10,25.6205601389
2012-01-11,27.1541204861
2012-01-12,28.4044557986
2012-01-13,28.9182398264
2012-01-14,24.7461474653
2012-01-15,22.4251400347
2012-01-16,14.7251667014
2012-01-17,26.2756746528
2012-01-18,29.3104405208
2012-01-19,29.7773531944
2012-01-20,23.1847067708
2012-01-21,14.9360472222
2012-01-22,22.8198180903
2012-01-23,36.0324865625
2012-01-24,28.5562994097
2012-01-25,25.8090825
2012-01-26,22.8640343403
2012-01-27,22.5549727083
2012-01-28,30.9513625694
2012-01-29,24.4578559375
2012-01-30,25.6734160069
2012-01-31,21.3198330903
2012-02-01,22.6549398611
2012-02-02,21.9503182292
2012-02-03,23.6516215625
2012-02-04,21.804004375
2012-02-05,21.4177866667
2012-02-06,27.4572865625
2012-02-07,20.8061173611
2012-02-08,23.5048412153
2012-02-09,22.8175944097
2012-02-10,17.6674416667
2012-02-11,21.1501543056
2012-02-12,23.1964220139
2012-02-13,31.5816202778
2012-02-14,20.2903534028
2012-02-15,25.0587138194
2012-02-16,27.2734464931
2012-02-17,24.1001238889
2012-02-18,21.8136507986
2012-02-19,22.5445377083
2012-02-20,30.5649821528
2012-02-21,25.7787770833
2012-02-22,24.0997260764
2012-02-23,19.6294345833
2012-02-24,26.2940924653
2012-02-25,21.5836737847
2012-02-26,23.5134633681
2012-02-27,33.6640638542
2012-02-28,25.4947770833
2012-02-29,25.4128512847
2012-03-01,23.3825865625
2012-03-02,23.7421857292
2012-03-03,19.6132076736
2012-03-04,22.0918985069
2012-03-05,19.9093124653
2012-03-06,18.2071375
2012-03-07,26.4567083333
2012-03-08,23.3527680208
2012-03-09,19.6094224653
2012-03-10,16.5487605556
2012-03-11,18.0871812681
2012-03-12,21.7937383681
2012-03-13,23.6263505556
2012-03-14,27.9230273264
2012-03-15,17.1177723958
2012-03-16,18.552265
2012-03-17,50.0784864236
2012-03-18,21.9145135417
2012-03-19,21.3687634375
2012-03-20,19.4707799653
2012-03-21,18.2319130556
2012-03-22,15.5911984722
2012-03-23,20.9926897222
2012-03-24,15.056901875
2012-03-25,19.0603043403
2012-03-26,15.561893125
2012-03-27,25.7076506597
2012-03-28,15.5603236458
2012-03-29,18.1024202083
2012-03-30,30.7708067708
2012-03-31,23.1826517708
2012-04-01,10.9086725
2012-04-02,56.5644955556
2012-04-03,26.5689715625
2012-04-04,17.3029119097
2012-04-05,18.2501029167
2012-04-06,19.6150203472
2012-04-07,34.0321324306
2012-04-08,17.5103050347
2012-04-09,23.6865885069
2012-04-10,49.7996495139
2012-04-11,17.3670257639
2012-04-12,19.3784056944
2012-04-13,120.130829028
2012-04-14,9.70900753472
2012-04-15,10.0117526042
2012-04-16,15.9028389236
2012-04-17,17.1164150694
2012-04-18,8.84233295139
2012-04-19,14.5123191667
2012-04-20,23.7122330556
2012-04-21,28.6071205208
2012-04-22,23.2089012153
2012-04-23,15.2567736111
2012-04-24,29.6291065625
2012-04-25,32.30722375
2012-04-26,13.7341538542
2012-04-27,11.723565625
2012-04-28,11.1493124653
2012-04-29,17.3459759028
2012-04-30,16.0618990625
2012-05-01,7.09382149306
2012-05-02,16.4274146875
2012-05-03,23.0614026389
2012-05-04,14.2953030556
2012-05-05,16.5063884028
2012-05-06,12.2932530208
2012-05-07,46.8624218056
2012-05-08,27.3589837153
2012-05-09,51.3653670833
2012-05-10,23.917471875
2012-05-11,33.8573668056
2012-05-12,20.4494390278
2012-05-13,-0.224861979167
2012-05-14,19.1209183681
2012-05-15,17.0458403472
2012-05-16,32.2531439236
2012-05-17,18.7419411111
2012-05-18,23.2586216667
2012-05-19,23.9383602083
2012-05-20,32.3922600694
2012-05-21,18.5196500694
2012-05-22,20.2893559028
2012-05-23,20.1108061458
2012-05-24,20.03636
2012-05-25,16.4186594097
2012-05-26,24.5271522569
2012-05-27,22.2933550347
2012-05-28,29.0950388194
2012-05-29,35.0168229167
2012-05-30,20.4160653125
2012-05-31,74.9478122569
2012-06-01,206.721092187
2012-06-02,14.3269085764
2012-06-03,8.02180527778
2012-06-04,25.6163847569
2012-06-05,13.4526614583
2012-06-06,12.8514709722
2012-06-07,15.9742367708
2012-06-08,16.4575648264
2012-06-09,34.1954210069
2012-06-10,67.3601510417
2012-06-11,25.8359102778
2012-06-12,29.5270298611
2012-06-13,45.0894147569
2012-06-14,52.4694663542
2012-06-15,67.5955816667
2012-06-16,128.841304688
2012-06-17,88.9296873958
2012-06-18,10.3660604514
2012-06-19,17.7273747222
2012-06-20,25.1189242361
2012-06-21,18.8326303125
2012-06-22,18.5753289236
2012-06-23,2.23271826389
2012-06-24,15.6333007639
2012-06-25,17.0263104167
2012-06-26,9.54237607639
2012-06-27,26.6272507639
2012-06-28,30.9630183333
2012-06-29,28.1904087847
2012-06-30,17.8780527778
2012-07-01,30.2348899653
2012-07-02,27.4298660417
2012-07-03,17.4154568403
2012-07-04,22.19501375
2012-07-05,13.4868492361
2012-07-06,22.3951201736
2012-07-07,26.3816801389
2012-07-08,15.4025039583
2012-07-09,11.3954262153
2012-07-10,41.2624681944
2012-07-11,20.2924323264
2012-07-12,108.014828958
2012-07-13,40.4714567014
2012-07-14,20.2062693403
2012-07-15,26.0152400694
2012-07-16,17.8570926389
2012-07-17,23.2344627083
2012-07-18,27.7700306944
2012-07-19,52.2041159722
2012-07-20,42.2245991319
2012-07-21,47.2213385069
2012-07-22,109.965290451
2012-07-23,19.6759972917
2012-07-24,19.6854928125
2012-07-25,22.7467313889
2012-07-26,21.7363252431
2012-07-27,20.5718101389
2012-07-28,18.9723980556
2012-07-29,41.8263910764
2012-07-30,22.5109955556
2012-07-31,39.4244429167
2012-08-01,25.5808202778
2012-08-02,91.5697296528
2012-08-03,48.7152944444
2012-08-04,20.0275745139
2012-08-05,22.8556351736
2012-08-06,26.7409608681
2012-08-07,29.0096667708
2012-08-08,56.5987327083
2012-08-09,139.1055425
2012-08-10,189.897682917
2012-08-11,141.336184722
2012-08-12,29.0150465972
2012-08-13,161.012934236
2012-08-14,87.1724979861
2012-08-15,20.0490117361
2012-08-16,18.8216294444
2012-08-17,22.8539961806
2012-08-18,21.9689047222
2012-08-19,26.0695837153
2012-08-20,25.4595889236
2012-08-21,24.1379544097
2012-08-22,21.4851321875
2012-08-23,23.4733389583
2012-08-24,22.2822907986
2012-08-25,62.8126127083
2012-08-26,19.5138469792
2012-08-27,36.8397048264
2012-08-28,29.4561217014
2012-08-29,26.5333164931
2012-08-30,24.9133440972
2012-08-31,15.7568448264
2012-09-01,17.6989681597
2012-09-02,18.52473
2012-09-03,28.8228161111
2012-09-04,24.9619516319
2012-09-05,22.1966171875
2012-09-06,23.6373036458
2012-09-07,31.4090638542
2012-09-08,24.4807059722
2012-09-09,39.0642364931
2012-09-10,33.7841761458
2012-09-11,24.7763684375
2012-09-12,42.4904247222
2012-09-13,24.9214627778
2012-09-14,23.5427682986
2012-09-15,17.9315253819
2012-09-16,22.2439354167
2012-09-17,24.3249961458
2012-09-18,22.5928404514
2012-09-19,23.1079492014
2012-09-20,25.8261019444
2012-09-21,28.1070110764
2012-09-22,36.8449420833
2012-09-23,27.8521219444
2012-09-24,24.7565442361
2012-09-25,21.7795456944
2012-09-26,31.7955270833
2012-09-27,28.3007514236
2012-09-28,27.6009788542
2012-09-29,27.3933673958
2012-09-30,46.9243448958
2012-10-01,55.5533946528
2012-10-02,33.2425932639
2012-10-03,33.9007804861
2012-10-04,26.8585115625
2012-10-05,23.5432014931
2012-10-06,28.4554939583
2012-10-07,35.6824072222
2012-10-08,41.6264895833
2012-10-09,37.3538516319
2012-10-10,42.2945161806
2012-10-11,43.2863188889
2012-10-12,46.9098918056
2012-10-13,39.0470872222
2012-10-14,113.589971007
2012-10-15,43.5988807292
2012-10-16,30.8810498958
2012-10-17,33.1286393056
2012-10-18,39.8818892708
2012-10-19,29.0722836111
2012-10-20,19.6456204167
2012-10-21,24.810894375
2012-10-22,29.7084713889
2012-10-23,22.5678465972
2012-10-24,30.2255244792
2012-10-25,39.7443194097
2012-10-26,38.2037919444
2012-10-27,39.7468375347
2012-10-28,30.4704325
2012-10-29,28.2433764583
2012-10-30,35.6853795833
2012-10-31,27.4087464931
2012-11-01,37.8987002431
2012-11-02,38.6579816667
2012-11-03,29.8288409375
2012-11-04,30.0192501667
2012-11-05,30.9954059722
2012-11-06,32.4663479861
2012-11-07,25.5169297917
2012-11-08,27.8876045139
2012-11-09,34.0583839931
2012-11-10,35.7523080903
2012-11-11,28.8974612153
2012-11-12,32.4611996875
2012-11-13,34.6631799306
2012-11-14,33.0695902083
2012-11-15,36.5682289931
2012-11-16,35.8630461458
2012-11-17,34.6202794444
2012-11-18,27.0490116667
2012-11-19,20.1570281597
2012-11-20,34.1267712153
2012-11-21,95.2511863194
2012-11-22,27.6294314583
2012-11-23,33.1183730903
2012-11-24,28.1021981597
2012-11-25,28.3306342014
2012-11-26,29.9589422222
2012-11-27,35.9789138194
2012-11-28,32.2881955208
2012-11-29,23.1952322917
2012-11-30,28.3982524306
2012-12-01,27.9981498958
2012-12-02,33.2258613889
2012-12-03,46.8870513889
2012-12-04,34.4242071528
2012-12-05,20.5452356944
2012-12-06,18.2907743056
2012-12-07,27.5964819097
2012-12-08,33.0960150347
2012-12-09,60.0991198958
2012-12-10,32.2836945486
2012-12-11,23.773249375
2012-12-12,40.2876677778
2012-12-13,35.557080625
2012-12-14,26.9890363194
2012-12-15,41.011656875
2012-12-16,38.0102359722
2012-12-17,21.2283652778
2012-12-18,24.9555235069
2012-12-19,41.9814852431
2012-12-20,32.3136190625
2012-12-21,27.4252965972
2012-12-22,23.0984320486
2012-12-23,28.7617352083
2012-12-24,47.5150657639
2012-12-25,31.0510405903
2012-12-26,31.2590417014
2012-12-27,29.5374424306
2012-12-28,29.2899146528
2012-12-29,37.2564297569
2012-12-30,24.1994119097
2012-12-31,22.7684090278
2013-01-01,30.1822050694
2013-01-02,33.4381359375
2013-01-03,31.4086826736
2013-01-04,34.7182134375
2013-01-05,39.7357869792
2013-01-06,60.5127409375
2013-01-07,61.4298713889
2013-01-08,37.6788788889
2013-01-09,28.4083298958
2013-01-10,37.5030872222
2013-01-11,64.6134782986
2013-01-12,34.4463724653
2013-01-13,31.6817405556
2013-01-14,32.0854110069
2013-01-15,33.9823659722
2013-01-16,31.7534054861
2013-01-17,31.2008164931
2013-01-18,33.6201936111
2013-01-19,34.5108722569
2013-01-20,33.5571331597
2013-01-21,44.1127053472
2013-01-22,40.6025700347
2013-01-23,49.6243823611
2013-01-24,33.0458732639
2013-01-25,57.1784760764
2013-01-26,30.9796640625
2013-01-27,35.5142113542
2013-01-28,26.6097999306
2013-01-29,35.3117016667
2013-01-30,32.3682813889
2013-01-31,28.9554880903
2013-02-01,29.6135778819
2013-02-02,31.9438804514
2013-02-03,29.6414886111
2013-02-04,30.5738873958
2013-02-05,35.1153605556
2013-02-06,30.9671013889
2013-02-07,40.6725247222
2013-02-08,33.2181773264
2013-02-09,31.4275580556
2013-02-10,33.6814250694
2013-02-11,32.9491274306
2013-02-12,31.6836764236
2013-02-13,50.4756266667
2013-02-14,35.3866745139
2013-02-15,35.6887020486
2013-02-16,40.5711988542
2013-02-17,20.9759841667
2013-02-18,30.6731837847
2013-02-19,33.5036840625
2013-02-20,33.9852095833
2013-02-21,40.0074168056
2013-02-22,38.6925255208
2013-02-23,27.0538835069
2013-02-24,27.0761990278
2013-02-25,32.0236272222
2013-02-26,36.0337945486
2013-02-27,33.2536817708
2013-02-28,33.0072319097
2013-03-01,34.3768823611
2013-03-02,43.8709017361
2013-03-03,31.7605138889
2013-03-04,36.9563906944
2013-03-05,39.6893182986
2013-03-06,35.4549901042
2013-03-07,39.2466794444
2013-03-08,36.8182608333
2013-03-09,40.3979244444
2013-03-10,34.5268598551
2013-03-11,37.7336241667
2013-03-12,36.9815595139
2013-03-13,34.7116517708
2013-03-14,33.7517019444
2013-03-15,29.3710574653
2013-03-16,73.7087106944
2013-03-17,31.8550609375
2013-03-18,30.5041679861
2013-03-19,39.3019372222
2013-03-20,45.2005697569
2013-03-21,34.8590758681
2013-03-22,29.6434993403
2013-03-23,54.2917875347
2013-03-24,42.2341025347
2013-03-25,40.3554061111
2013-03-26,35.4355973958
2013-03-27,32.0218831597
2013-03-28,43.7223635764
2013-03-29,37.457013125
2013-03-30,36.4755359375
2013-03-31,33.2280773958
2013-04-01,29.6722577431
2013-04-02,35.8009707292
2013-04-03,40.2470369097
2013-04-04,31.7440533681
2013-04-05,4.21960642361
2013-04-06,31.0897773611
2013-04-07,31.3411942708
2013-04-08,28.4873214236
2013-04-09,34.8534132986
2013-04-10,33.7049804167
2013-04-11,26.1865788889
2013-04-12,76.3884680208
2013-04-13,24.48059375
2013-04-14,31.0052055903
2013-04-15,34.5735484722
2013-04-16,47.0928079167
2013-04-17,34.0288697569
2013-04-18,46.3919180556
2013-04-19,37.4094988542
2013-04-20,26.2767741319
2013-04-21,42.7155326736
2013-04-22,57.0648739931
2013-04-23,37.1246650347
2013-04-24,38.1466598958
2013-04-25,23.3279638542
2013-04-26,32.7918042361
2013-04-27,33.2784272222
2013-04-28,22.4631708333
2013-04-29,35.7209256944
2013-04-30,22.1434300347
2013-05-01,33.9225360069
2013-05-02,42.2883804167
2013-05-03,44.2918612847
2013-05-04,34.8654103819
2013-05-05,32.5428404514
2013-05-06,42.0745781597
2013-05-07,33.5555128819
2013-05-08,20.9879538542
2013-05-09,32.3963496528
2013-05-10,30.8650248264
2013-05-11,53.8671969444
2013-05-12,29.8077696528
2013-05-13,46.0227538542
2013-05-14,27.876178125
2013-05-15,17.1561479861
2013-05-16,27.4752279861
2013-05-17,16.4163610764
2013-05-18,21.1911233681
2013-05-19,32.8356073611
2013-05-20,41.8644468403
2013-05-21,29.6721069444
2013-05-22,32.7778873264
2013-05-23,27.0186397917
2013-05-24,32.8613384028
2013-05-25,17.2966620486
2013-05-26,17.8900011806
2013-05-27,52.5973540278
2013-05-28,47.9128377778
2013-05-29,34.4608318056
2013-05-30,37.4229067708
2013-05-31,37.9709817014
2013-06-01,26.8672139236
2013-06-02,23.71906125
2013-06-03,22.8481693056
2013-06-04,25.4278876736
2013-06-05,28.7364862847
2013-06-06,27.7841358681
2013-06-07,43.2322113542
2013-06-08,75.9219416319
2013-06-09,19.4560963889
2013-06-10,34.9816979861
2013-06-11,33.1855102778
2013-06-12,29.7627577083
2013-06-13,28.0421127083
2013-06-14,33.2618595833
2013-06-15,27.7439534375
2013-06-16,24.6111464236
2013-06-17,25.172864375
2013-06-18,29.7003828819
2013-06-19,39.5740221181
2013-06-20,28.0946542361
2013-06-21,37.1211145833
2013-06-22,33.5650015625
2013-06-23,25.4914061458
2013-06-24,31.4804113889
2013-06-25,29.1920495139
2013-06-26,44.1169072222
2013-06-27,42.4605563542
2013-06-28,47.7449480556
2013-06-29,50.8661333333
2013-06-30,44.0339839583
2013-07-01,40.1757514931
2013-07-02,34.2519970486
2013-07-03,46.9400047569
2013-07-04,112.328212743
2013-07-05,20.3095938194
2013-07-06,28.3636038889
2013-07-07,34.1306720833
2013-07-08,31.4663472222
2013-07-09,49.2083554514
2013-07-10,48.1040010069
2013-07-11,28.5671405556
2013-07-12,29.4281488542
2013-07-13,36.657365
2013-07-14,25.5915768056
2013-07-15,14.3283305903
2013-07-16,21.353810625
2013-07-17,23.0384514583
2013-07-18,32.5262409028
2013-07-19,37.4318457292
2013-07-20,38.0018987847
2013-07-21,38.8450226389
2013-07-22,43.86091125
2013-07-23,43.7445298611
2013-07-24,41.5396725694
2013-07-25,34.6029143056
2013-07-26,40.9963094444
2013-07-27,35.3406034722
2013-07-28,34.8666871528
2013-07-29,27.6059380208
2013-07-30,36.9043316319
2013-07-31,29.8234740972
2013-08-01,24.0451257639
2013-08-02,51.0190889931
2013-08-03,36.1464890278
2013-08-04,35.6917509375
2013-08-05,36.2197470486
2013-08-06,29.3596931597
2013-08-07,31.8043400694
2013-08-08,33.9524485764
2013-08-09,32.0805599306
2013-08-10,28.4290543056
2013-08-11,30.2150084028
2013-08-12,29.7992655903
2013-08-13,35.5653814931
2013-08-14,35.3689297569
2013-08-15,41.1097551736
2013-08-16,54.707266875
2013-08-17,32.9145370139
2013-08-18,100.675775451
2013-08-19,81.9712530556
2013-08-20,40.6924516667
2013-08-21,37.3238980208
2013-08-22,33.2074269444
2013-08-23,34.3892806944
2013-08-24,36.2649282986
2013-08-25,43.8032275347
2013-08-26,48.8468305208
2013-08-27,45.5119551042
2013-08-28,44.7741547222
2013-08-29,50.5184092014
2013-08-30,51.0699678819
2013-08-31,43.88872875
2013-09-01,35.8178923958
2013-09-02,40.4714706944
2013-09-03,38.3165238194
2013-09-04,40.0116557639
2013-09-05,40.1109388889
2013-09-06,38.2462228819
2013-09-07,39.8397158333
2013-09-08,33.4460223611
2013-09-09,53.8516926736
2013-09-10,33.9442924653
2013-09-11,31.0865852083
2013-09-12,35.9661148264
2013-09-13,34.3201316319
2013-09-14,28.3261247222
2013-09-15,36.7554908681
2013-09-16,34.7766203819
2013-09-17,34.292346875
2013-09-18,34.8334410764
2013-09-19,48.6761740972
2013-09-20,34.7103969444
2013-09-21,37.5341592361
2013-09-22,32.9337742708
2013-09-23,46.7364294097
2013-09-24,38.2516442014
2013-09-25,34.5289040625
2013-09-26,28.3754938889
2013-09-27,38.3309840278
2013-09-28,29.4055030903
2013-09-29,28.8346672569
2013-09-30,42.9986271181
2013-10-01,37.6619631944
2013-10-02,34.8360707986
2013-10-03,36.2004977083
2013-10-04,33.5422715625
2013-10-05,35.5263989931
2013-10-06,38.2088758681
2013-10-07,39.3768816667
2013-10-08,35.0251708681
2013-10-09,41.1713531944
2013-10-10,36.9211490625
2013-10-11,35.4814278472
2013-10-12,34.9965104514
2013-10-13,32.0245240625
2013-10-14,54.1332092361
2013-10-15,37.8044195139
2013-10-16,37.8690768403
2013-10-17,36.960261875
2013-10-18,36.4783061458
2013-10-19,36.1627924306
2013-10-20,37.4336474306
2013-10-21,37.4481787153
2013-10-22,34.0081958681
2013-10-23,34.2185430903
2013-10-24,30.0806857639
2013-10-25,45.3006691667
2013-10-26,36.4083447917
2013-10-27,28.4177144444
2013-10-28,34.6492868056
2013-10-29,59.031760625
2013-10-30,40.4295539236
2013-10-31,36.1444809028
2013-11-01,44.8817728472
2013-11-02,37.9353170139
2013-11-03,23.5579498
2013-11-04,51.4718095486
2013-11-05,48.0422838194
2013-11-06,42.1387039236
2013-11-07,40.3733261458
2013-11-08,39.9389211458
2013-11-09,42.3454179167
2013-11-10,40.9138376042
2013-11-11,42.9950395833
2013-11-12,49.1253313889
2013-11-13,48.9394596181
2013-11-14,40.8195997569
2013-11-15,37.3744827083
2013-11-16,35.7291595139
2013-11-17,41.1228522569
2013-11-18,39.1097436806
2013-11-19,34.0300960764
2013-11-20,47.6981310069
2013-11-21,49.3585421528
2013-11-22,49.3479397222
2013-11-23,44.4386212847
2013-11-24,40.1987858333
2013-11-25,40.1263030903
2013-11-26,39.0858672222
2013-11-27,40.048614375
2013-11-28,36.8324094097
2013-11-29,36.0154152431
2013-11-30,33.9934414583
2013-12-01,31.3565387153
2013-12-02,31.2603694444
2013-12-03,68.6486538542
2013-12-04,69.7783312847
2013-12-05,58.8358082292
2013-12-06,51.4524405903
2013-12-07,61.2580610069
2013-12-08,71.8399405903
2013-12-09,94.674178125
2013-12-10,83.1547771181
2013-12-11,52.6708304167
2013-12-12,56.5509750694
2013-12-13,46.0665240625
2013-12-14,47.8234031597
2013-12-15,47.1018651042
2013-12-16,40.5975354861
2013-12-17,51.0206212847
2013-12-18,58.6165460069
2013-12-19,53.7635819097
2013-12-20,41.9484772917
2013-12-21,40.2192120486
2013-12-22,43.6287997222
2013-12-23,32.1228523958
2013-12-24,39.9160821181
2013-12-25,39.6618251042
2013-12-26,44.9795296875
2013-12-27,39.3798695139
2013-12-28,36.3325586458
2013-12-29,33.5451815625
2013-12-30,42.4007982292
2013-12-31,37.6171594097
2014-01-01,42.2393254861
2014-01-02,45.148359375
2014-01-03,43.372
2014-01-04,45.3436082639
2014-01-05,50.2720217708
2014-01-06,48.2833580208
2014-01-07,46.529358125
2014-01-08,38.4320710764
2014-01-09,33.7791526042
2014-01-10,45.9227515625
2014-01-11,44.6230765972
2014-01-12,39.2559768056
2014-01-13,39.3644367361
2014-01-14,41.3130045139
2014-01-15,46.5280202431
2014-01-16,43.2359673264
2014-01-17,42.7769114931
2014-01-18,42.0862434028
2014-01-19,46.9745490625
2014-01-20,50.3885353472
2014-01-21,49.5717924653
2014-01-22,44.9276930556
2014-01-23,43.9399693403
2014-01-24,53.7393339583
2014-01-25,49.8793332292
2014-01-26,47.6821497222
2014-01-27,46.93714875
2014-01-28,42.74939125
2014-01-29,52.0880374306
2014-01-30,45.9474367014
2014-01-31,55.5218958333
2014-02-01,51.7088604514
2014-02-02,62.4741725347
2014-02-03,57.002228125
2014-02-04,58.0201670139
2014-02-05,73.0995932639
2014-02-06,118.904446944
2014-02-07,67.4758142708
2014-02-08,41.7933453125
2014-02-09,38.81468
2014-02-10,36.376446875
2014-02-11,51.3597219097
2014-02-12,55.0901684028
2014-02-13,50.4268066319
2014-02-14,45.2522576389
2014-02-15,56.1952460764
2014-02-16,43.078441875
2014-02-17,47.0672719792
2014-02-18,70.5033073958
2014-02-19,43.3230685069
2014-02-20,55.6406010417
2014-02-21,55.1876113194
2014-02-22,68.2247760764
2014-02-23,81.0023549306
2014-02-24,71.3226870833
2014-02-25,59.6138685764
2014-02-26,57.1292007986
2014-02-27,45.2623769097
2014-02-28,79.3738986111
2014-03-01,49.0144067708
2014-03-02,61.3524452431
2014-03-03,55.2790065972
2014-03-04,42.6370322569
2014-03-05,50.7805772917
2014-03-06,33.4671969444
2014-03-07,36.5551132639
2014-03-08,38.0294695139
2014-03-09,53.0807872464
2014-03-10,34.3167640278
2014-03-11,33.2458738889
2014-03-12,32.0751924653
2014-03-13,47.1925140278
2014-03-14,42.376886875
2014-03-15,80.7281051736
2014-03-16,57.4533410417
2014-03-17,41.6743768056
2014-03-18,42.0942982292
2014-03-19,48.4285847569
2014-03-20,59.7260231944
2014-03-21,38.4239862847
2014-03-22,35.6311294792
2014-03-23,42.1253331597
2014-03-24,51.46504375
2014-03-25,41.9815595486
2014-03-26,53.2652990625
2014-03-27,58.4715243403
2014-03-28,69.6335179514
2014-03-29,60.5920401389
2014-03-30,19.2437515625
2014-03-31,45.7809627083
2014-04-01,60.4244551042
2014-04-02,46.8809920139
2014-04-03,40.4174213889
2014-04-04,58.8115413889
2014-04-05,43.17283375
2014-04-06,57.0014756944
2014-04-07,95.5872217014
2014-04-08,85.6311902778
2014-04-09,49.3205125347
2014-04-10,63.4755570833
2014-04-11,46.7444694097
2014-04-12,7.73425045139
2014-04-13,30.4298202083
2014-04-14,60.9294569792
2014-04-15,43.1362321875
2014-04-16,57.3011344444
2014-04-17,79.167268125
2014-04-18,58.9187705903
2014-04-19,37.4268321181
2014-04-20,51.5220664236
2014-04-21,83.7442237153
2014-04-22,38.1134331597
2014-04-23,35.8136497569
2014-04-24,37.8431345833
2014-04-25,52.6206381597
2014-04-26,47.1270900694
2014-04-27,66.3305552778
2014-04-28,38.6444542708
2014-04-29,61.6812805903
2014-04-30,83.4103754861
2014-05-01,54.9759531944
2014-05-02,40.2467993403
2014-05-03,53.233245
2014-05-04,57.7164246181
2014-05-05,55.9381446875
2014-05-06,40.9651611806
2014-05-07,38.7150927431
2014-05-08,36.7519729861
2014-05-09,76.7404075347
2014-05-10,78.9406822569
2014-05-11,33.4940776736
2014-05-12,43.2037438542
2014-05-13,56.1275755903
2014-05-14,69.7038014931
2014-05-15,50.4260525347
2014-05-16,26.5015789583
2014-05-17,36.5722731597
2014-05-18,44.2825409375
2014-05-19,30.49144875
2014-05-20,63.6068928472
2014-05-21,66.9185473958
2014-05-22,60.0189392014
2014-05-23,5.49626940972
2014-05-24,37.7082163542
2014-05-25,49.3653727431
2014-05-26,61.0564267361
2014-05-27,35.7382390625
2014-05-28,58.1681534375
2014-05-29,55.5199205556
2014-05-30,43.0823009375
2014-05-31,47.0792255208
2014-06-01,63.7662439583
2014-06-02,41.9661714583
2014-06-03,39.2098962153
2014-06-04,37.5607
2014-06-05,35.1740268056
2014-06-06,34.5006184375
2014-06-07,33.5130810069
2014-06-08,70.0347293403
2014-06-09,68.5291422917
2014-06-10,52.1776113194
2014-06-11,37.1966355208
2014-06-12,38.9729523264
2014-06-13,47.0792199653
2014-06-14,28.2707657986
2014-06-15,22.9483203125
2014-06-16,16.5256243403
2014-06-17,34.2091763542
2014-06-18,34.7065739236
2014-06-19,39.669210625
2014-06-20,42.4016782639
2014-06-21,36.0819110069
2014-06-22,22.5185902778
2014-06-23,31.3585988194
2014-06-24,39.6424292361
2014-06-25,36.7889610417
2014-06-26,42.9996152431
2014-06-27,55.0601971181
2014-06-28,45.1605191319
2014-06-29,59.4468411806
2014-06-30,51.8356736111
2014-07-01,36.1889744097
2014-07-02,42.6713638194
2014-07-03,62.3128542361
2014-07-04,44.4102309375
2014-07-05,40.6023031944
2014-07-06,40.1475854861
2014-07-07,38.3508810764
2014-07-08,43.4780512847
2014-07-09,44.9006054861
2014-07-10,29.1832524653
2014-07-11,21.5020237847
2014-07-12,25.800733125
2014-07-13,41.4745742361
2014-07-14,72.24358375
2014-07-15,42.76180125
2014-07-16,38.1304343403
2014-07-17,35.8734576042
2014-07-18,39.5369051736
2014-07-19,57.7286661458
2014-07-20,34.8853426042
2014-07-21,41.9913860417
2014-07-22,44.0656872222
2014-07-23,38.6116180556
2014-07-24,54.8389956597
2014-07-25,48.2802734375
2014-07-26,88.4500154861
2014-07-27,52.4904475
2014-07-28,42.0291320139
2014-07-29,43.0737786458
2014-07-30,45.4781068056
2014-07-31,48.1012423611
2014-08-01,68.8787726736
2014-08-02,43.1965633333
2014-08-03,34.6463006597
2014-08-04,35.9962121181
2014-08-05,39.9140707639
2014-08-06,44.7396694097
2014-08-07,35.4152852431
2014-08-08,43.5157940972
2014-08-09,40.2722467361
2014-08-10,48.4462323958
2014-08-11,59.3921779861
2014-08-12,39.0067848611
2014-08-13,45.1644302083
2014-08-14,49.0289327778
2014-08-15,56.3928979514
2014-08-16,45.5646727431
2014-08-17,41.4016055903
2014-08-18,51.8633810069
2014-08-19,37.4778745833
2014-08-20,38.8283721528
2014-08-21,52.6277803819
2014-08-22,41.4385298958
2014-08-23,38.2192088889
2014-08-24,34.8220367361
2014-08-25,45.5338391319
2014-08-26,43.4286821875
2014-08-27,48.9105933681
2014-08-28,49.9023618403
2014-08-29,35.144915625
2014-08-30,37.3093740278
2014-08-31,30.8139632986
2014-09-01,51.6372728819
2014-09-02,43.4772582986
2014-09-03,42.7472981944
2014-09-04,36.5995897569
2014-09-05,34.5756537153
2014-09-06,39.1198653472
2014-09-07,38.3117509028
2014-09-08,34.0153096875
2014-09-09,26.6915486458
2014-09-10,46.8256971875
2014-09-11,44.9748171181
2014-09-12,60.3772851042
2014-09-13,39.3306557639
2014-09-14,43.8696851736
2014-09-15,44.5386350347
2014-09-16,57.6794986111
2014-09-17,49.8866719444
2014-09-18,39.9027565278
2014-09-19,43.60871375
2014-09-20,41.2965588542
2014-09-21,34.2733559375
2014-09-22,46.6171223611
2014-09-23,48.4042590972
2014-09-24,57.4936950347
2014-09-25,45.8636748611
2014-09-26,40.5065924653
2014-09-27,45.9869098958
2014-09-28,48.5063897569
2014-09-29,34.4210096181
2014-09-30,34.6813515972
2014-10-01,38.3853226389
2014-10-02,44.3101548958
2014-10-03,44.3651072569
2014-10-04,41.8257107292
2014-10-05,43.7528885764
2014-10-06,80.315058125
2014-10-07,55.3706240625
2014-10-08,40.5036601736
2014-10-09,49.5246088542
2014-10-10,34.7866115278
2014-10-11,37.0828327083
2014-10-12,34.2106483681
2014-10-13,40.8677731944
2014-10-14,44.4698384375
2014-10-15,48.8120792014
2014-10-16,40.3723877431
2014-10-17,38.3105652083
2014-10-18,34.2327808333
2014-10-19,34.3898484722
2014-10-20,36.0543198264
2014-10-21,21.0836028125
2014-10-22,43.0455686458
2014-10-23,38.2752163889
2014-10-24,38.2830595139
2014-10-25,53.0857921181
2014-10-26,10.1132885069
2014-10-27,41.2502647222
2014-10-28,37.8666598958
2014-10-29,36.9249895139
2014-10-30,42.4514746875
2014-10-31,39.6707893056
2014-11-01,43.3944861111
2014-11-02,13.7043395
2014-11-03,42.1398699653
2014-11-04,40.1570960764
2014-11-05,39.5213033333
2014-11-06,40.512815
2014-11-07,57.0648103125
2014-11-08,38.6512474653
2014-11-09,27.9252784028
2014-11-10,47.5274436806
2014-11-11,35.5705023958
2014-11-12,34.7572065278
2014-11-13,42.5982047222
2014-11-14,30.8266596875
2014-11-15,34.7373708333
2014-11-16,42.7352063542
2014-11-17,53.7912972569
2014-11-18,47.2290349653
2014-11-19,54.5471959722
2014-11-20,53.7274431597
2014-11-21,37.6762487153
2014-11-22,44.3120301736
2014-11-23,39.6455598611
2014-11-24,39.3704441667
2014-11-25,38.1486259375
2014-11-26,34.8296630208
2014-11-27,31.1982245486
2014-11-28,33.1083795833
2014-11-29,31.5032401736
2014-11-30,53.8038361111
2014-12-01,49.4431534028
2014-12-02,44.7820257292
2014-12-03,33.6511851736
2014-12-04,36.8046479861
2014-12-05,43.9931799653
2014-12-06,34.0988544444
2014-12-07,38.0623676042
2014-12-08,43.2946154861
2014-12-09,36.850981875
2014-12-10,34.5235708333
2014-12-11,37.7990363194
2014-12-12,29.0664713542
2014-12-13,40.3253648611
2014-12-14,36.1148631597
2014-12-15,44.1613295486
2014-12-16,40.4575763542
2014-12-17,44.1153952083
2014-12-18,30.6181568056
2014-12-19,35.6975162847
2014-12-20,33.5115812847
2014-12-21,10.4741846875
2014-12-22,34.1808675347
2014-12-23,38.1266165278
2014-12-24,33.3273074653
2014-12-25,14.2453205556
2014-12-26,20.9651325347
2014-12-27,23.2030211111
2014-12-28,19.1293957986
2014-12-29,22.461756875
2014-12-30,25.7007613542
2014-12-31,39.7053725347
2015-01-01,37.1919953819
2015-01-02,36.6362419792
2015-01-03,35.9301782986
2015-01-04,38.704716875
2015-01-05,53.9082751736
2015-01-06,29.5882191319
2015-01-07,29.6305085069
2015-01-08,36.7908514236
2015-01-09,33.5445342361
2015-01-10,33.7398005903
2015-01-11,33.601564375
2015-01-12,34.9421469792
2015-01-13,38.2757387153
2015-01-14,33.2180227778
2015-01-15,31.2976512153
2015-01-16,27.6393449653
2015-01-17,26.8871188194
2015-01-18,26.5270297569
2015-01-19,45.5324733681
2015-01-20,56.0520657986
2015-01-21,32.4785202431
2015-01-22,32.4459605208
2015-01-23,40.5846725
2015-01-24,46.0163058333
2015-01-25,42.7856829167
2015-01-26,50.8278872222
2015-01-27,27.7410685764
2015-01-28,32.0347616319
2015-01-29,30.7642125694
2015-01-30,27.176074375
2015-01-31,24.2581757986
2015-02-01,31.8599309375
2015-02-02,31.3056043403
2015-02-03,25.5796487847
2015-02-04,29.3199052431
2015-02-05,23.2693068056
2015-02-06,25.5576461458
2015-02-07,25.6845494444
2015-02-08,16.0507678819
2015-02-09,7.69998076389
2015-02-10,13.5032528819
2015-02-11,25.937085
2015-02-12,40.1093534028
2015-02-13,28.6147831597
2015-02-14,18.8870709028
2015-02-15,20.120725
2015-02-16,20.3129247917
2015-02-17,25.2687165278
2015-02-18,34.5657779861
2015-02-19,30.2800636806
2015-02-20,77.3911111806
2015-02-21,39.0076245486
2015-02-22,34.5650888889
2015-02-23,49.1295364583
2015-02-24,24.1174450694
2015-02-25,17.7940495486
2015-02-26,21.5281129514
2015-02-27,41.0819129514
2015-02-28,51.0781090625
2015-03-01,67.9823154167
2015-03-02,44.9232924306
2015-03-03,21.0004553472
2015-03-04,25.06607625
2015-03-05,26.1985297917
2015-03-06,25.8339664236
2015-03-07,26.7807520486
2015-03-08,13.7735690217
2015-03-09,25.2622250694
2015-03-10,30.6267854861
2015-03-11,47.2632636806
2015-03-12,31.8156558333
2015-03-13,57.2911695486
2015-03-14,40.7376232986
2015-03-15,39.2927828819
2015-03-16,33.3932962153
2015-03-17,23.0316383333
2015-03-18,21.1293247917
2015-03-19,28.2371685764
2015-03-20,29.6356260764
2015-03-21,25.9875426389
2015-03-22,26.5431788194
2015-03-23,36.0219513542
2015-03-24,35.7343582292
2015-03-25,34.7244591319
2015-03-26,50.1323421181
2015-03-27,26.4737938542
2015-03-28,15.4915780556
2015-03-29,26.0616223264
2015-03-30,26.1924885417
2015-03-31,25.4620218056
2015-04-01,27.2331591319
2015-04-02,14.9405714236
2015-04-03,25.3190964931
2015-04-04,21.2322806597
2015-04-05,37.3520429167
2015-04-06,53.790781875
2015-04-07,28.7900482639
2015-04-08,21.9432000694
2015-04-09,30.2991195833
2015-04-10,34.9349867361
2015-04-11,22.2386069097
2015-04-12,29.0405962153
2015-04-13,51.6240209722
2015-04-14,34.3669178472
2015-04-15,40.2252852431
2015-04-16,31.1662355208
2015-04-17,30.1606505903
2015-04-18,23.5788172222
2015-04-19,27.3983123958
2015-04-20,30.8715955208
2015-04-21,26.6162652083
2015-04-22,31.2192974306
2015-04-23,38.3862544097
2015-04-24,26.1420940625
2015-04-25,48.6824647222
2015-04-26,28.6371309722
2015-04-27,37.0758104167
2015-04-28,41.4992586806
2015-04-29,30.4640380208
2015-04-30,45.387499375
2015-05-01,34.9641259375
2015-05-02,24.5446204861
2015-05-03,26.5513628819
2015-05-04,28.1414867014
2015-05-05,25.7623316667
2015-05-06,29.6965129514
2015-05-07,63.6209948611
2015-05-08,39.2547417708
2015-05-09,29.5105216319
2015-05-10,29.5434013889
2015-05-11,32.2743963542
2015-05-12,36.9474904514
2015-05-13,44.8322228125
2015-05-14,58.8802795139
2015-05-15,22.9574973264
2015-05-16,42.3443474653
2015-05-17,44.3296088542
2015-05-18,24.8057705208
2015-05-19,27.4488735417
2015-05-20,29.01952125
2015-05-21,35.8755049653
2015-05-22,27.5687455556
2015-05-23,27.6075534722
2015-05-24,6.03381829861
2015-05-25,22.4907016667
2015-05-26,39.8597225
2015-05-27,30.6737523611
2015-05-28,27.8680085069
2015-05-29,27.9141535069
2015-05-30,14.0804462847
2015-05-31,-2.57462447917
2015-06-01,20.8956622569
2015-06-02,28.9068203819
2015-06-03,21.4498264236
2015-06-04,45.4786012847
2015-06-05,30.28124625
2015-06-06,35.7092535764
2015-06-07,62.6677688194
2015-06-08,193.938347674
2015-06-09,41.8704290278
2015-06-10,15.1174122917
2015-06-11,29.8598178819
2015-06-12,49.7944589236
2015-06-13,27.9218172222
2015-06-14,25.6118302083
2015-06-15,29.1279880903
2015-06-16,26.6617519792
2015-06-17,34.5376682639
2015-06-18,41.5464705903
2015-06-19,29.2484756597
2015-06-20,30.8282955208
2015-06-21,28.1076761458
2015-06-22,29.9940982639
2015-06-23,36.1939913542
2015-06-24,46.4552252083
2015-06-25,68.4551077431
2015-06-26,62.5168458333
2015-06-27,24.9816598611
2015-06-28,31.3261990278
2015-06-29,44.3486626389
2015-06-30,42.4754203125
2015-07-01,37.1955723611
2015-07-02,32.5365863194
2015-07-03,52.7586915625
2015-07-04,27.2247559375
2015-07-05,21.5406388889
2015-07-06,27.0385747569
2015-07-07,24.3716369792
2015-07-08,23.5271320833
2015-07-09,30.1975737847
2015-07-10,29.6547303125
2015-07-11,31.3586885417
2015-07-12,42.8950811458
2015-07-13,30.402944375
2015-07-14,26.9906986458
2015-07-15,26.0517821181
2015-07-16,24.7555185069
2015-07-17,32.7694373611
2015-07-18,46.8007336806
2015-07-19,46.8592036806
2015-07-20,50.7406445486
2015-07-21,25.1202427431
2015-07-22,16.9466108681
2015-07-23,27.1124012153
2015-07-24,27.4157604861
2015-07-25,17.2997
2015-07-26,18.0660862847
2015-07-27,26.4119391319
2015-07-28,34.3249767708
2015-07-29,54.9755460417
2015-07-30,39.797468125
2015-07-31,25.3451971181
2015-08-01,32.3856147222
2015-08-02,28.2155930556
2015-08-03,22.6356460417
2015-08-04,23.3956529167
2015-08-05,34.6703003819
2015-08-06,32.7652095139
2015-08-07,13.4334698264
2015-08-08,19.8874902083
2015-08-09,27.4413925694
2015-08-10,30.0895904514
2015-08-11,34.9724796528
2015-08-12,37.2199719097
2015-08-13,34.8911473264
2015-08-14,32.8560153472
2015-08-15,28.4380795139
2015-08-16,29.0054398264
2015-08-17,71.5089141667
2015-08-18,30.3188818056
2015-08-19,23.8360996528
2015-08-20,23.9369720139
2015-08-21,34.1986966319
2015-08-22,26.2453342014
2015-08-23,28.1658869792
2015-08-24,34.3853834722
2015-08-25,56.6689204167
2015-08-26,30.9736194097
2015-08-27,35.2789714583
2015-08-28,48.4427536458
2015-08-29,29.1046400347
2015-08-30,25.2555254514
2015-08-31,30.2055369444
2015-09-01,28.5283670833
2015-09-02,24.8520975
2015-09-03,31.2788495486
2015-09-04,28.0280673264
2015-09-05,37.9062150694
2015-09-06,32.6767400694
2015-09-07,36.0543402778
2015-09-08,40.0664994792
2015-09-09,54.4091979167
2015-09-10,34.3336855556
2015-09-11,30.62308
2015-09-12,44.7587683333
2015-09-13,36.4106299653
2015-09-14,30.8680398611
2015-09-15,27.8383403125
2015-09-16,24.6664132639
2015-09-17,26.7109358681
2015-09-18,29.4037166319
2015-09-19,30.8014506944
2015-09-20,51.0097120833
2015-09-21,30.5459304514
2015-09-22,23.51552375
2015-09-23,33.2007895486
2015-09-24,32.4715725694
2015-09-25,38.2041923264
2015-09-26,31.7766671875
2015-09-27,29.3238457292
2015-09-28,33.2476845139
2015-09-29,28.5654710417
2015-09-30,33.1610012153
2015-10-01,31.8601527431
2015-10-02,23.9616001042
2015-10-03,33.8227596875
2015-10-04,36.0767484375
2015-10-05,74.4983414931
2015-10-06,30.5040257986
2015-10-07,32.6340552083
2015-10-08,41.5086312847
2015-10-09,61.6584954167
2015-10-10,43.5450565972
2015-10-11,31.7865590278
2015-10-12,36.2130695833
2015-10-13,88.0986893056
2015-10-14,37.4719857292
2015-10-15,34.4772293056
2015-10-16,31.647425
2015-10-17,29.4671462847
2015-10-18,27.17555
2015-10-19,25.7009315278
2015-10-20,32.1651457639
2015-10-21,38.5905309028
2015-10-22,27.5777879861
2015-10-23,28.9017333681
2015-10-24,27.1646445486
2015-10-25,31.0711356944
2015-10-26,28.0017001736
2015-10-27,30.2280506597
2015-10-28,31.0143269444
2015-10-29,21.6596457639
2015-10-30,34.5278310069
2015-10-31,26.838228125
2015-11-01,25.7299558667
2015-11-02,47.1895465625
2015-11-03,22.2589904514
2015-11-04,50.5210129514
2015-11-05,28.2534884375
2015-11-06,26.4855692708
2015-11-07,51.9606000694
2015-11-08,25.2152948611
2015-11-09,26.5935763889
2015-11-10,22.5864565278
2015-11-11,23.8718739931
2015-11-12,25.2541776389
2015-11-13,20.8237034028
2015-11-14,20.6807274653
2015-11-15,50.7772783333
2015-11-16,18.2731719097
2015-11-17,22.0752858681
2015-11-18,13.9138120486
2015-11-19,23.9138872569
2015-11-20,22.3229313194
2015-11-21,25.1041487847
2015-11-22,24.5787744097
2015-11-23,28.8653626042
2015-11-24,25.7764818403
2015-11-25,33.3688236806
2015-11-26,26.1050100694
2015-11-27,28.1539105556
2015-11-28,26.0925042014
2015-11-29,29.6752742708
2015-11-30,34.8827622569
2015-12-01,32.2365040625
2015-12-02,30.1223465972
2015-12-03,31.8092810069
2015-12-04,24.8904696181
2015-12-05,32.4641201389
2015-12-06,34.0966613889
2015-12-07,25.6771684375
2015-12-08,28.2945693056
2015-12-09,25.6263102778
2015-12-10,27.1914837847
2015-12-11,27.7818913542
2015-12-12,28.9700986111
2015-12-13,23.2613919097
2015-12-14,23.4482603472
2015-12-15,23.4910363889
2015-12-16,24.8021544097
2015-12-17,22.1668451389
2015-12-18,23.2951590972
2015-12-19,24.9642013889
2015-12-20,24.9468730903
2015-12-21,32.2697880903
2015-12-22,23.4444276389
2015-12-23,24.1685611458
2015-12-24,26.895363125
2015-12-25,22.8681039236
2015-12-26,23.9453617708
2015-12-27,28.6456834375
2015-12-28,31.7025208681
2015-12-29,34.9061907292
2015-12-30,27.5562861111
2015-12-31,18.4690813542
2016-01-01,22.8895630903
2016-01-02,26.7116686458
2016-01-03,27.1275995486
2016-01-04,32.737420625
2016-01-05,72.6748369792
2016-01-06,44.578881875
2016-01-07,31.8978926389
2016-01-08,31.0114112847
2016-01-09,30.0687945486
2016-01-10,28.2014737847
2016-01-11,26.9831857639
2016-01-12,25.428625
2016-01-13,24.8619038542
2016-01-14,27.0914957986
2016-01-15,23.4789425
2016-01-16,26.1976552778
2016-01-17,24.2509726042
2016-01-18,25.2782785417
2016-01-19,27.6760067361
2016-01-20,21.3118836111
2016-01-21,21.9354858333
2016-01-22,21.5334286806
2016-01-23,15.9197544097
2016-01-24,15.8773417708
2016-01-25,26.0691323264
2016-01-26,22.4456855556
2016-01-27,23.6825318403
2016-01-28,20.9006101736
2016-01-29,22.1528255903
2016-01-30,17.9255913542
2016-01-31,69.6082293056
2016-02-01,45.7504097569
2016-02-02,31.2612701736
2016-02-03,22.3229907639
2016-02-04,21.7241403125
2016-02-05,21.9707572569
2016-02-06,20.8744788542
2016-02-07,25.1085677778
2016-02-08,21.0497412847
2016-02-09,23.4465414931
2016-02-10,18.7640287847
2016-02-11,18.6201357292
2016-02-12,19.2704560069
2016-02-13,15.9055577778
2016-02-14,12.3831287153
2016-02-15,18.9813382986
2016-02-16,21.4838111458
2016-02-17,21.3379868403
2016-02-18,15.2648789583
2016-02-19,13.1822140625
2016-02-20,8.45366618056
2016-02-21,1.18883291667
2016-02-22,13.7984113889
2016-02-23,20.1790875347
2016-02-24,16.3787165972
2016-02-25,16.295761875
2016-02-26,15.3385947917
2016-02-27,6.83652006944
2016-02-28,18.3558803125
2016-02-29,27.5411214583
2016-03-01,11.9473904167
2016-03-02,12.7474592361
2016-03-03,69.5933458333
2016-03-04,15.3776402431
2016-03-05,101.030403125
2016-03-06,6.77812336806
2016-03-07,19.9967245486
2016-03-08,11.3466435764
2016-03-09,17.4722165278
2016-03-10,12.5110458681
2016-03-11,13.84275875
2016-03-12,55.538185625
2016-03-13,26.910733442
2016-03-14,18.8363684028
2016-03-15,11.0093709375
2016-03-16,29.391124375
2016-03-17,10.7235902431
2016-03-18,7.65853635417
2016-03-19,5.05710614583
2016-03-20,8.40327625
2016-03-21,17.2598600347
2016-03-22,5.61250503472
2016-03-23,9.85761305556
2016-03-24,2.61883416667
2016-03-25,9.21854982639
2016-03-26,8.136460625
2016-03-27,-1.33185715278
2016-03-28,22.4796425347
2016-03-29,18.8078210069
2016-03-30,15.7917165625
2016-03-31,7.92353541667
2016-04-01,9.38752739583
2016-04-02,5.89993114583
2016-04-03,18.5529089931
2016-04-04,-0.190960972222
2016-04-05,13.1942628819
2016-04-06,10.1963834722
2016-04-07,19.5083066319
2016-04-08,48.0089949653
2016-04-09,43.1393034722
2016-04-10,12.9945525
2016-04-11,25.4123957639
2016-04-12,8.19678753472
2016-04-13,3.0256290625
2016-04-14,24.0973775694
2016-04-15,30.4033825
2016-04-16,22.1342465278
2016-04-17,10.861001875
2016-04-18,16.5123167708
2016-04-19,4.263435625
2016-04-20,10.9048626736
2016-04-21,18.9403799653
2016-04-22,15.6722911806
2016-04-23,-12.2285495486
2016-04-24,15.5000088194
2016-04-25,13.3937859375
2016-04-26,15.1681230903
2016-04-27,24.5048617361
2016-04-28,15.9134525
2016-04-29,13.5303155208
2016-04-30,46.1453108333
2016-05-01,22.4354753125
2016-05-02,21.5344401389
2016-05-03,18.3814731944
2016-05-04,21.1270668056
2016-05-05,19.5528576389
2016-05-06,17.9748362847
2016-05-07,22.4242680903
2016-05-08,-13.5796325
2016-05-09,-0.507011423611
2016-05-10,17.1087632639
2016-05-11,20.7968719097
2016-05-12,4.23427753472
2016-05-13,17.8280859028
2016-05-14,12.4849703819
2016-05-15,25.8544469444
2016-05-16,13.4715843403
2016-05-17,24.3013419444
2016-05-18,20.6507417014
2016-05-19,11.7652457292
2016-05-20,35.5953993056
2016-05-21,13.2869551389
2016-05-22,7.21913909722
2016-05-23,9.98475152778
2016-05-24,22.1973382986
2016-05-25,14.8240275
2016-05-26,11.3540075347
2016-05-27,16.5685284028
2016-05-28,19.8644381597
2016-05-29,15.9885404861
2016-05-30,19.6016325347
2016-05-31,19.0840354514
2016-06-01,28.3107557986
2016-06-02,35.3897198958
2016-06-03,29.3294486806
2016-06-04,17.769801875
2016-06-05,12.7520415625
2016-06-06,18.624600625
2016-06-07,22.0737624653
2016-06-08,50.3353226389
2016-06-09,22.4862495139
2016-06-10,67.9042738542
2016-06-11,67.9136159722
2016-06-12,17.4817032986
2016-06-13,22.1818710417
2016-06-14,18.6062624306
2016-06-15,20.8998941319
2016-06-16,26.6208624653
2016-06-17,33.3360863889
2016-06-18,23.8290884375
2016-06-19,21.3715779861
2016-06-20,25.7192000347
2016-06-21,23.2001398611
2016-06-22,23.7681695139
2016-06-23,21.9800945139
2016-06-24,35.0245667361
2016-06-25,25.7060667708
2016-06-26,27.3193220139
2016-06-27,45.1436405556
2016-06-28,46.2286954861
2016-06-29,26.16389125
2016-06-30,33.5705452778
2016-07-01,32.3448622917
2016-07-02,26.2403198611
2016-07-03,16.9444569097
2016-07-04,20.4566143056
2016-07-05,24.5687867708
2016-07-06,25.5756984028
2016-07-07,26.8149716667
2016-07-08,28.4423346528
2016-07-09,89.5345755556
2016-07-10,38.6799097569
2016-07-11,24.8350017014
2016-07-12,23.3214865625
2016-07-13,40.4221998611
2016-07-14,29.2970234375
2016-07-15,45.6357015972
2016-07-16,22.1407002083
2016-07-17,25.5648374306
2016-07-18,21.3749481944
2016-07-19,23.3387226389
2016-07-20,41.8068203472
2016-07-21,32.4671743056
2016-07-22,27.1070741667
2016-07-23,32.2333753125
2016-07-24,37.1749905208
2016-07-25,32.8047729167
2016-07-26,55.0274177431
2016-07-27,40.9649946181
2016-07-28,35.0430183681
2016-07-29,37.587010625
2016-07-30,50.7382842361
2016-07-31,29.6923517014
2016-08-01,34.3984221875
2016-08-02,27.9636398611
2016-08-03,30.8175326389
2016-08-04,28.0814847917
2016-08-05,26.7928684722
2016-08-06,24.0375315625
2016-08-07,29.4174399306
2016-08-08,32.4868606597
2016-08-09,49.8483071875
2016-08-10,31.5872368056
2016-08-11,41.2696460069
2016-08-12,35.7394652083
2016-08-13,36.5552790972
2016-08-14,43.4760660764
2016-08-15,33.8124680903
2016-08-16,28.6470065625
2016-08-17,35.6097643403
2016-08-18,55.2703013194
2016-08-19,37.1000502431
2016-08-20,30.1749030903
2016-08-21,28.5071582292
2016-08-22,31.6481264931
2016-08-23,28.4560650347
2016-08-24,34.8448143403
2016-08-25,31.1616556944
2016-08-26,28.2496997222
2016-08-27,21.9038490625
2016-08-28,26.3611957639
2016-08-29,31.2447479167
2016-08-30,30.6151376389
2016-08-31,44.0867707639
2016-09-01,32.8463334028
2016-09-02,46.4268634722
2016-09-03,26.1371540625
2016-09-04,22.1562504861
2016-09-05,22.5645980903
2016-09-06,35.5677038194
2016-09-07,39.8885451736
2016-09-08,29.8545136806
2016-09-09,31.5838333681
2016-09-10,29.3445167014
2016-09-11,24.7083242361
2016-09-12,26.1501000694
2016-09-13,32.3992163542
2016-09-14,27.5581734028
2016-09-15,29.3913120833
2016-09-16,28.1633938889
2016-09-17,31.1105538194
2016-09-18,28.7304546181
2016-09-19,81.9769722917
2016-09-20,42.6235948611
2016-09-21,30.7030944097
2016-09-22,22.5124125
2016-09-23,21.8186447222
2016-09-24,40.5375906944
2016-09-25,34.0946813194
2016-09-26,49.5966052431
2016-09-27,35.0060217361
2016-09-28,34.3981125694
2016-09-29,32.4225310417
2016-09-30,32.4225310417
